{"v": [[-0.375, -0.5, 0.0], [0.375, -0.5, 0.0], [-0.375, 0.5, 0.0], [0.375, 0.5, 0.0], [-0.2583114504814148, 0.10882505029439926, 2.9716829885728657e-08], [-0.0389956459403038, 0.1952221393585205, 2.9716829885728657e-08], [0.1603822112083435, 0.1104864850640297, 2.9716829885728657e-08], [-0.0406571626663208, 0.04236569255590439, 2.9716829885728657e-08], [-0.02902674674987793, 0.4627209007740021, 2.9716829885728657e-08], [-0.030688226222991943, 0.2583584785461426, 2.9716829885728657e-08], [0.052385926246643066, 0.23343625664710999, 2.9716829885728657e-08], [0.09226149320602417, 0.33810970187187195, 2.9716829885728657e-08], [0.16868966817855835, 0.29657256603240967, 2.9716829885728657e-08], [0.13213711977005005, 0.21682146191596985, 2.9716829885728657e-08], [0.20191937685012817, 0.15202361345291138, 2.9716829885728657e-08], [0.2766861319541931, 0.1935606598854065, 2.9716829885728657e-08], [0.16536682844161987, 0.05731905624270439, 2.9716829885728657e-08], [0.11386078596115112, 0.009136013686656952, 2.9716829885728657e-08], [0.1670282483100891, -0.09719885885715485, 2.9716829885728657e-08], [0.24677938222885132, 0.010797537863254547, 2.9716829885728657e-08], [0.072323739528656, -0.00914030522108078, 2.9716829885728657e-08], [-0.02071934938430786, -0.027416624128818512, 2.9716829885728657e-08], [-0.022380828857421875, -0.46937108039855957, 2.9716829885728657e-08], [0.12050670385360718, -0.19688785076141357, 2.9716829885728657e-08]], "e": [[2, 0], [0, 1], [1, 3], [3, 2], [4, 5], [5, 6], [6, 7], [4, 7], [8, 9], [9, 10], [10, 11], [8, 11], [12, 13], [13, 14], [14, 15], [12, 15], [16, 17], [17, 18], [18, 19], [16, 19], [20, 21], [21, 22], [22, 23], [20, 23]]}