{"v": [[-0.375, -0.5, 0.0], [0.375, -0.5, 0.0], [-0.375, 0.5, 0.0], [0.375, 0.5, 0.0], [-0.24798443913459778, 0.3828181326389313, -1.5139579772949219e-05], [0.242015540599823, 0.3828181326389313, -1.5139579772949219e-05], [-0.24798443913459778, -0.14718183875083923, -1.5139579772949219e-05], [0.242015540599823, -0.14718183875083923, -1.5139579772949219e-05], [0.0003386763855814934, -0.36152344942092896, -1.5139579772949219e-05], [-0.166567862033844, 0.2980784475803375, -1.5139579772949219e-05], [0.1734321415424347, 0.2980784475803375, -1.5139579772949219e-05], [0.1734321415424347, 0.24807845056056976, -1.5139579772949219e-05], [0.033432140946388245, 0.12807846069335938, -1.5139579772949219e-05], [-0.166567862033844, 0.24807845056056976, -1.5139579772949219e-05], [-0.036567866802215576, 0.12807846069335938, -1.5139579772949219e-05], [0.033432140946388245, -0.25192153453826904, -1.5139579772949219e-05], [-0.036567866802215576, -0.25192153453826904, -1.5139579772949219e-05], [-0.036567866802215576, -0.1200753003358841, -1.5139579772949219e-05], [-0.036567866802215576, -0.1984599232673645, -1.5139579772949219e-05], [-0.036567866802215576, -0.1984599232673645, -1.5139579772949219e-05], [-0.09333701431751251, -0.11869068443775177, -1.5139579772949219e-05], [-0.09333701431751251, -0.19707530736923218, -1.5139579772949219e-05], [-0.15149077773094177, -0.14030615985393524, -1.5139579772949219e-05], [-0.09333701431751251, -0.05061374232172966, -1.5139579772949219e-05], [-0.15149077773094177, -0.050306160002946854, -1.5139579772949219e-05]], "e": [[2, 0], [0, 1], [1, 3], [3, 2], [4, 5], [8, 7], [7, 5], [4, 6], [6, 8], [9, 10], [10, 11], [11, 12], [13, 9], [14, 13], [12, 15], [17, 14], [15, 16], [16, 18], [18, 19], [17, 20], [19, 21], [21, 22], [20, 23], [22, 24], [23, 24]]}